81 year old man robbed, Edinburgh	 '81 year old man robbed'	1344866880	55.942598999999987	-3.2214643999999999	Dalry Road
ACPOS drink driving campaign - full time results	 None	1340118120	55.953251999999999	-3.1882670000000002	Waterloo Place
Appeal for information	 None	1301556840	55.9597257	-3.2140138	Raeburn Mews
Appeal for info on fatal road collision	Collision	1329307380	55.953251999999999	-3.1882670000000002	Waterloo Place
Appeal Road Collision Ferniehill	Collision	1338808560	55.919398700000002	-3.1372969999999998	Old Dalkeith Road
Appeal to identify dead cyclist, Borders	 'Appeal to identify dead cyclist'	1344330900	55.623089899999997	-3.0547398000000001	Peebles Road
Armed robberies Edinburgh - CCTV appeal	 None	1329147240	55.942598999999987	-3.2214643999999999	Dalry Road
Armed robbery,Dalry Road	Robbery	1307605140	55.942598999999987	-3.2214643999999999	Dalry Road
Armed robbery,Edinburgh	Robbery	1308059340	55.957213099999997	-3.2065204999999999	North West Circus Place
Armed robbery, Edinburgh	 'Armed robbery'	1331410140	55.967720999999997	-3.3027858000000001	Barnton Avenue West
Armed Robbery, Leith Walk	 'Armed Robbery'	1312446300	55.968413599999998	-3.1740428999999999	Leith Walk
Armed robbery - update	Robbery	1331542680	55.967452399999999	-3.3033841000000002	Barnton Avenue West
Armed robbery Edinburgh, man arrested	 'Armed robbery Edinburgh'	1325774160	55.953251999999999	-3.1882670000000002	Waterloo Place
Armed robbery, Edinburgh	 'Armed robbery'	1329471300	55.972880600000003	-3.1755716	Great Junction Street
Armed robbery Midlothian	Robbery	1296118800	55.912306699999988	-3.1025404999999999	Newton Church Road
Armed robbery update, Edinburgh	 'Armed robbery update'	1334054100	55.967720999999997	-3.3027858000000001	Barnton Avenue West
Arrests, Edinburgh	 'Arrests'	1345205100	55.942598999999987	-3.2214643999999999	Dalry Road
Arrest counterfeit offences	 None	1309943880	55.947590899999987	-3.2069439000000002	Lothian Road
Arrest warrant issued after serious assault	Assault	1343225160	55.966502899999988	-3.1814103	Pilrig Street
Artwork damaged	 None	1311243960	55.969958499999997	-3.1853693999999999	Newhaven Road
Assault, Edinburgh	 'Assault'	1318502700	55.933134000000003	-3.1274093999999999	Niddrie Mains Road
Assault - Edinburgh	Assault	1320317460	55.944885499999998	-3.1974260999999999	Lauriston Place
Assault, Edinburgh	 'Assault'	1325067900	55.956920500000003	-3.1869947999999999	Picardy Place
Assault, West Lothian	 'Assault'	1325236140	55.895142200000002	-3.7008123999999998	South Street
Assault, West Lothian	 'Assault'	1334578320	55.877793599999997	-3.6221662999999999	Mosside Drive
Assaults, West Lothian	 'Assaults'	1327924440	55.877878600000003	-3.6223686000000002	Beechwood Road
Assault - CCTV images released	Assault	1323098340	55.945458000000002	-3.1879542000000001	Bristo Square
Assault - Scottish Borders	Assault	1323159180	55.953251999999999	-3.1882670000000002	Waterloo Place
Assault and attempted robbery - Edinburgh	Assault	1322565360	55.973402399999998	-3.1854569000000001	Pitt Street
Assault and attempted robbery, Edinburgh	 'Assault and attempted robbery'	1325067120	55.940359600000001	-3.2900841000000001	Ladywell Road
Assault and attempted robbery, Edinburgh	 'Assault and attempted robbery'	1332945600	55.950913900000003	-3.2061058999999998	South Charlotte Street
Assault and attempted robbery, Edinburgh	 'Assault and attempted robbery'	1336123320	55.910047300000002	-3.2297433	Oxgangs Road North
Assault and attempt robbery	Assault	1313749140	55.933134000000003	-3.1274093999999999	Niddrie Mains Road
Assault and attempt robbery	Assault	1315491360	55.933134000000003	-3.1274093999999999	Niddrie Mains Road
Assault and robberies, Edinburgh	 'Assault and robberies'	1330341900	55.947366600000002	-3.1825424	East Adam Street
Assault and Robbery,Braidburn Valley	Assault	1310121360	55.953251999999999	-3.1882670000000002	Waterloo Place
Assault and Robbery,Broomhouse	Assault	1307605380	55.928458300000003	-3.2845575999999999	Broomhouse Road
Assault and robbery,Edinburgh	Assault	1300961520	55.935627099999998	-3.1890830999999999	Mansionhouse Road
Assault and Robbery,Grassmaket	Assault	1312184700	55.947950800000001	-3.1965395999999999	Patrick Geddes Steps
Assault and Robbery,Leith	Assault	1306744020	55.972695599999987	-3.1692980999999998	Coatfield Lane
Assault and robbery,man arrested	Assault	1301574780	55.911265000000007	-3.2736898000000001	Clovenstone Park
Assault and Robbery,West Lothian	Assault	1302772800	55.953251999999999	-3.1882670000000002	Waterloo Place
Assault and Robbery, Bonnyrigg	 'Assault and Robbery'	1311330660	55.8693083	-3.1002386	Sherwood Crescent
Assault and robbery, Edinburgh	 'Assault and robbery'	1325666520	55.963224799999999	-3.2321944	Crewe Road South
Assault and robbery, Edinburgh	 'Assault and robbery'	1330421040	55.941545499999997	-3.2811653999999999	Kirk Loan
Assault and Robbery, Edinburgh	 'Assault and Robbery'	1312533420	55.932048899999998	-3.2657335999999999	B Saughton Mains Street
Assault and Robbery, Edinburgh	 'Assault and Robbery'	1315231320	55.973791499999997	-3.1584810000000001	Salamander Street
Assault and robbery, Edinburgh	 'Assault and robbery'	1324302300	55.950081099999998	-3.1882366000000002	The Royal Mile
Assault and robbery, Edinburgh	 'Assault and robbery'	1327661700	55.933419200000003	-3.2644177000000001	Stenhouse Drive
Assault and robbery, Edinburgh	 'Assault and robbery'	1334044560	55.963315599999987	-3.1783554000000001	Leith Walk
Assault and attempted robbery - Edinburgh	Assault	1320927960	55.972808100000002	-3.2085246999999999	South Trinity Road
Assault and Robbery	Assault	1311072300	55.9718783	-3.2466493000000001	F West Pilton Park
Assault and Robbery	Assault	1315404420	55.959356499999998	-3.1802096	Brunswick Street
Assault and robbery - Edinburgh	Assault	1320158880	55.942541200000008	-3.2180046999999998	Caledonian Crescent
Assault and robbery - Edinburgh	Assault	1320681480	55.954326700000003	-3.1860762	Calton Hill
Assault and robbery - Edinburgh	Assault	1322474160	55.932740499999987	-3.2287203	Ashley Terrace
Assault and Robbery - Edinburgh	Assault	1322130720	55.958128899999998	-3.1692238000000001	Lady Menzies Place
Assault and robbery - Edinburgh	Assault	1323685440	55.971038900000003	-3.1639694	Links Gardens
Assault and Robbery - West Granton Rd	Assault	1339144140	55.9772873	-3.2387247000000001	West Granton Road
Assault and robbery arrests	Assault	1330682100	55.941545499999997	-3.2811653999999999	Kirk Loan
Assault and robbery, Edinburgh	 'Assault and robbery'	1327917060	55.953251999999999	-3.1882670000000002	Waterloo Place
Assault and Robbery, Edinburgh	 'Assault and Robbery'	1345472040	55.948000999999998	-3.1860132000000001	Infirmary Street
Assault and Robbery Edinburgh	Assault	1297180800	55.911265000000007	-3.2736898000000001	Clovenstone Park
Assault and robbery, Edinburgh	 'Assault and robbery'	1320400500	55.912876399999988	-3.1457274000000002	Gilmerton Road
Assault and robbery, Edinburgh	 'Assault and robbery'	1328702880	55.973178500000003	-3.1731937000000001	Henderson Street
Assault and robbery, Edinburgh	 'Assault and robbery'	1339575180	55.969624200000013	-3.161931	East Hermitage Place
Assault and robbery, Edinburgh	 'Assault and robbery'	1343919480	55.942323500000001	-3.1861714000000001	Meadow Lane
Assault and Robbery. Edinburgh	Assault	1321457460	55.907103900000003	-3.2665533999999998	Gillespie Road
Assault and Robbery Redbraes Park	Assault	1295971860	55.967590000000001	-3.1871499999999999	Pilrig
Assault and Robbery, Scottish Borders	 'Assault and Robbery'	1319462520	55.4258223	-2.7878053999999999	Commercial Road
Assault and Robbery, West Lothian	 'Assault and Robbery'	1319029560	55.903681199999987	-3.6402948999999998	Jarvey Street
Assault and Robbery Prestonpans	Assault	1313747280	55.950686500000003	-3.1835262000000002	High Street
Assault, East Lothian	 'Assault'	1326183900	55.937398299999998	-3.0339976000000002	Pinkiehill Crescent
Assault, Edinburgh	 'Assault'	1326448980	55.907103900000003	-3.2665533999999998	Gillespie Road
Assault, Edinburgh	 'Assault'	1344601740	55.960024900000008	-3.1421051000000002	Craigentinny
Assault Edinburgh - man charged	Assault	1323438600	55.945458000000002	-3.1879542000000001	Bristo Square
Assault, Piershill - youths arrested	 'Assault'	1332773040	55.955579499999999	-3.1453272000000001	Piershill Square East
Assault, West Lothian	 'Assault'	1326874380	55.8791899	-3.6205930999999998	Beechwood Road
ATM warning - East Lothian	Warning	1321613760	55.953251999999999	-3.1882670000000002	Waterloo Place
Attempted robbery, Edinburgh	 'Attempted robbery'	1338206580	55.975869299999999	-3.2098816000000001	Zetland Place
Attempted murder, warrant issued	 'Attempted murder'	1344417360	55.966468199999987	-3.1755605	Leith Walk
Attempted robbery, Musselburgh	 'Attempted robbery'	1336555440	55.941245500000001	-3.0233260999999998	Delta Drive
Attempted Robbery at Post Office, Edinburgh	 'Attempted Robbery at Post Office'	1317742080	55.9455156	-3.0916218999999998	Milton Road East
Attempted robbery, Edinburgh	 'Attempted robbery'	1331201940	55.972825699999987	-3.2381267	Crewe Road North
Attempted theft of motor fuel, West Lothian	 'Attempted theft of motor fuel'	1345112100	55.826790600000002	-3.7017783999999998	Burnside Terrace
Attempt murder,man charged	Murder	1302679920	55.959137800000008	-3.2127506000000001	Raeburn Place
Attempt murder ,Edinburgh	Murder	1306740480	55.943950699999988	-3.2128328000000002	Upper Grove Place
Attempt theft, Haddington	 'Attempt theft'	1315317840	55.955436900000002	-2.7815020000000001	Court Street
Autism Alert Card launched	 None	1327327260	55.953251999999999	-3.1882670000000002	Waterloo Place
Bag snatch,Tranent	 None	1306745160	55.876795599999987	-3.1490592999999998	Church Street
Bag snatch - Barnton	 None	1309944240	55.961488600000003	-3.3037179000000001	Barnton Grove
Bag snatch - Edinburgh	 None	1320749580	55.9424256	-3.1842823999999998	Buccleuch Street
Bag snatch - Edinburgh	 None	1323952680	55.954244899999999	-3.4026367999999998	The Square
Bag snatch, Prestonpans	 'Bag snatch'	1334826420	55.956762699999999	-2.9812091000000001	West Loan
Bankcard scam warning	Warning	1328628480	55.974108800000003	-3.2221784000000002	Boswall Terrace
Best Bar None awards 2011 - West Lothian	 None	1320750540	55.975054499999999	-3.3018953999999998	Almond Bank Cottages
Bible appeal, Edinburgh	 'Bible appeal'	1341242520	55.954547299999987	-3.2004066999999998	Queen Street
Bike thefts - North Edinburgh	 None	1339080540	55.957459200000002	-3.2171799999999999	Comely Bank Avenue
Bike recovered, West Lothian	 'Bike recovered'	1334843040	55.935493399999999	-3.5056581000000002	Dargai Place
Bike theft initiative	 None	1331038860	55.953251999999999	-3.1882670000000002	Waterloo Place
Blue Light Disco Cruise	 None	1345713000	55.953251999999999	-3.1882670000000002	Waterloo Place
Body found,Edinburgh	 None	1305187800	55.950875399999987	-3.1914633000000001	Market Street
Body Identified, Water to Leith	 'Body Identified'	1332162780	55.856805199999997	-3.3552723000000002	Cockburnhill Road
Bogus caller, East Lothian	 'Bogus caller'	1348077000	56.057480299999987	-2.7369919	Dirleton Avenue
Bogus caller,Edinburgh	 None	1306740960	55.925942199999987	-3.1756218000000001	Rankin Avenue
Bogus callers,Edinburgh	 None	1306745640	55.937690200000013	-3.2073136	Viewforth Gardens
Bogus Callers in East and Midlothian	 None	1317655200	55.953251999999999	-3.1882670000000002	Waterloo Place
Bogus callers, West Lothian	 'Bogus callers'	1326968040	55.980397600000003	-3.5823800000000001	Springfield Road
Bogus caller - Midlothian	 None	1322572380	55.872855700000002	-3.0678727000000001	Newbattle Road
Bogus caller arrests, Edinburgh	 'Bogus caller arrests'	1330515780	55.933134000000003	-3.1274093999999999	Niddrie Mains Road
Bogus Caller, Edinburgh	 'Bogus Caller'	1347960900	55.947907800000003	-3.1340013	Northfield Grove
Bogus Caller, Edinburgh	 'Bogus Caller'	1348759260	55.941817099999987	-3.2846250000000001	Manse Road
Bogus caller incidents, Edinburgh	 'Bogus caller incidents'	1328102580	55.966502200000008	-3.1814121000000002	Pilrig Street
Bogus caller incidents, Midlothian	 'Bogus caller incidents'	1347972180	55.870032100000003	-3.1251530999999999	Gordon Avenue
Bogus caller incident, Edinburgh	 'Bogus caller incident'	1331651820	55.953251999999999	-3.1882670000000002	Waterloo Place
Bogus caller warning, Edinburgh	 'Bogus caller warning'	1327663080	55.948428999999997	-3.0951070000000001	Coillesdene Drive
Bogus caller warning	Warning	1301990400	55.946210800000003	-3.1380423999999998	Meadowfield Avenue
Bogus Caller Warning, West Lothian	 'Bogus Caller Warning'	1317730800	55.897907799999999	-3.6051375999999999	Pentland Avenue
Bogus caller warning	Warning	1323766620	55.928458300000003	-3.2845575999999999	Broomhouse Road
Bogus caller warning - Edinburgh	Warning	1322644800	55.953251999999999	-3.1882670000000002	Waterloo Place
Bogus caller, West Lothian	 'Bogus caller'	1331549760	55.9070198	-3.5517167000000001	Beechwood Park
Bogus workman,Edinburgh	 None	1304578800	55.923976199999998	-3.2763822	Parkhead Gardens
Bogus workmen, Edinburgh	 'Bogus workmen'	1339509120	55.959920799999999	-3.2634677999999999	March Road
Bogus workmen, West Lothian	 'Bogus workmen'	1299484800	55.980397600000003	-3.5823800000000001	Springfield Road
Bogus workmen,West Lothian	 None	1319636820	55.859040899999997	-3.5519093000000002	Chapelton Avenue
Bogus workmen, Midlothian	 'Bogus workmen'	1330011000	55.828769299999998	-3.2326899999999998	Carlops Road
Scottish Borders murder victim named	Murder	1320320880	55.953251999999999	-3.1882670000000002	Waterloo Place
Boulders placed on roadway, West Lothian	 'Boulders placed on roadway'	1340197140	55.830451500000002	-3.5391244999999998	B7008
Break in and theft, Edinburgh	 'Break in and theft'	1343738040	55.953251999999999	-3.1882670000000002	Waterloo Place
Break-in, Dalkeith - Men arrested	 'Break-in'	1340203380	55.894897999999998	-3.0687962999999998	Tait Street
Break-in warning, East Lothian	 'Break-in warning'	1335437940	55.955117399999999	-2.9842474000000001	South Grange Avenue
Bus Driver assaulted, West Lothian	 'Bus Driver assaulted'	1319638440	55.884282599999999	-3.7720343000000001	Main Street
Bus window smash - Edinburgh	 None	1320057540	55.944278300000001	-3.1098569	Magdalene
Cannabis cultivation discovered, Edinburgh	 'Cannabis cultivation discovered'	1335870540	55.932706400000008	-3.2861918999999999	E Forrester Park Gardens
Cannabis cultivation,Midlothian	 None	1307095920	55.8756135	-3.0394220999999999	Holly Bank
Cannabis cultivation West lothian	 None	1301990400	55.953251999999999	-3.1882670000000002	Waterloo Place
Cannabis cultivations, Livingston	 'Cannabis cultivations'	1309945860	55.898081400000002	-3.5265691000000001	Curlew Brae
Cannabis cultivation, Edinburgh	 'Cannabis cultivation'	1348489800	55.964523300000003	-3.1854472999999999	Papermill Wynd
Cannabis cultivation recovered	 None	1311924660	55.970027199999997	-3.2210361999999999	Ferry Road
Cannabis cultivation recovered	 None	1315404660	55.965365499999997	-3.1899845999999998	Broughton Road
Car stolen, Midlothian	 'Car stolen'	1343723040	55.833052100000003	-3.2246421000000001	Carlops Avenue
Cars damaged during fuel theft	 None	1327075380	55.952456699999999	-3.1087644999999999	Bellfield Lane
Cars damaged, Edinburgh	 'Cars damaged'	1328265600	55.931618999999998	-3.1819378	Fountainhall Road
Car badges stolen, Edinburgh	 'Car badges stolen'	1330962960	55.953251999999999	-3.1882670000000002	Waterloo Place
Car vandalisms, Edinburgh	 'Car vandalisms'	1333097580	55.963236599999988	-3.1884815	Bellevue Road
CashPoint Scam Warning, Edinburgh	 'CashPoint Scam Warning'	1317729480	55.953251999999999	-3.1882670000000002	Waterloo Place
Cat shot, Edinburgh	 'Cat shot'	1335170580	55.941659599999987	-3.2493063000000002	Saughtonhall Avenue
CCTV appeal, Edinburgh	 'CCTV appeal'	1328607900	55.953251999999999	-3.1882670000000002	Waterloo Place
CCTV Appeal, Edinburgh	 'CCTV Appeal'	1340013960	55.945845499999997	-3.2038418000000002	Bread Street
CCTV appeal Edinburgh	 None	1296222240	55.954252999999987	-3.1976651	Hanover Street
Change to Parking Arrangments for Royal Garden Party	 None	1341244320	55.952608299999987	-3.1718239000000001	Abbey Strand
Charity benefits from Cannabis recovery	 None	1315579320	55.926521399999999	-3.2794322	Broomhouse Place South
Charity Bike Ride	 None	1347009180	55.951983200000001	-3.2053503000000001	George Street
Charity cycle complete	 None	1311751380	55.9483678	-3.1588508000000002	Queen's Drive
Charity number in custody cells	 None	1297243800	55.953251999999999	-3.1882670000000002	Waterloo Place
Charity Rugby Match, Edinburgh	 'Charity Rugby Match'	1347435780	55.960465999999997	-3.2239029000000001	Fettes Avenue
Church vandalised,Bathgate	 None	1304582760	55.953251999999999	-3.1882670000000002	Waterloo Place
Cliff fall, East Lothian	 'Cliff fall'	1340003940	56.010060299999999	-2.6122154000000002	Links Cottages
Cliff Fall, East Lothian	 'Cliff Fall'	1339688640	56.010060299999999	-2.6122154000000002	Links Cottages
Community spirit on the rise in the Calders	 None	1345562640	55.919554400000003	-3.2946894000000002	Calder Park
Community Appeal, Edinburgh	 'Community Appeal'	1343130360	55.966502899999988	-3.1814103	Pilrig Street
Community clean up day	 None	1316011920	55.945845499999997	-3.2038418000000002	Bread Street
Community Commitment two years on	 None	1347014160	55.953251999999999	-3.1882670000000002	Waterloo Place
Community safety surgeries	 None	1334321520	55.913993800000007	-3.290384	Westburn Grove
Continued witness appeal	 None	1297332000	55.936739499999987	-3.1912067	Chalmers Crescent
Copper thefts, arrests made	 'Copper thefts'	1301557440	55.947576299999987	-3.1433659999999999	Meadowfield Drive
Counterfeit arrests, Linlithgow	 'Counterfeit arrests'	1334229060	55.976389300000001	-3.6030728000000001	High Street
Counterfeit notes	 None	1306738800	55.902010300000001	-3.2888302	Lanark Road
Country roads - drive safely and wear a seatbelt	 None	1336127100	55.953251999999999	-3.1882670000000002	Waterloo Place
Crack Cocaine and cash seized	 None	1310121600	55.9382284	-3.2019714000000001	Warrender Park Crescent
Custom violin recovered, Edinburgh	 'Custom violin recovered'	1346157240	55.950081099999998	-3.1882366000000002	The Royal Mile
Cyber-bullying prevention event - Leith	 None	1338538380	55.953251999999999	-3.1882670000000002	Waterloo Place
Cycle Safety Campaign	 None	1318924320	55.953251999999999	-3.1882670000000002	Waterloo Place
Cycling campaign urges respect for rules of the road	 None	1333447440	55.953251999999999	-3.1882670000000002	Waterloo Place
Cyclist struck, witness appeal	 'Cyclist struck'	1344849960	55.954776299999999	-3.1534708999999999	Parsons Green Terrace
Man charged in connection with cyclist death	Death	1321011540	55.956271600000001	-3.1360106000000001	Portobello Road
Cyclist identified, Scottish Borders	 'Cyclist identified'	1344422220	55.942333099999999	-3.2048787999999999	Lochrin Place
Cyclist identified, Edinburgh	 'Cyclist identified'	1325863140	55.911727999999997	-3.2656866999999998	Lanark Road
Dale Bennett, family appeal	 'Dale Bennett'	1297854000	55.844933999999988	-3.0471322000000001	Newbyres Crescent
Days of action, East Lothian	 'Days of action'	1330514220	55.9586118	-2.9708716000000002	Gardiner Road
Dead cat found, Scottish Borders	 'Dead cat found'	1347282180	55.607188600000001	-2.7673874000000001	Essenside Drive
Deliberate fire-raising, Dalkeith	 'Deliberate fire-raising'	1332152340	55.8681512	-3.0447242000000001	Chester Square
Distraction theft, Midlothian	 'Distraction theft'	1326968760	55.8669425	-3.0670201000000001	Main Street
Dog attack arrests - Edinburgh	 None	1323165240	55.974169200000013	-3.1735281999999998	Cables Wynd
Dog killed by hit and run driver	 None	1316617920	55.972825699999987	-3.2381267	Crewe Road North
Dog stolen,West Lothian	 None	1306761240	55.953251999999999	-3.1882670000000002	Waterloo Place
Dog walker traced	 None	1344243360	55.941620699999987	-3.2578925000000001	Balgreen Park
Doorstep Crime,West Lothian	Doorstep Crime	1298458800	55.953251999999999	-3.1882670000000002	Waterloo Place
Doorstep crime campaign	Doorstep Crime	1335269760	55.953251999999999	-3.1882670000000002	Waterloo Place
Doorstep Crime Enforcement Day Update	Doorstep Crime	1332420060	55.953251999999999	-3.1882670000000002	Waterloo Place
Driver assaulted, Bathgate	 'Driver assaulted'	1311243660	55.907724100000003	-3.6500271	Belvedere Place
Driver warning, East Lothian	 'Driver warning'	1305187320	56.001158500000003	-2.5277156999999999	Belhaven Road
Drop in sessions for the deaf	 None	1302510720	55.957201899999987	-3.1914391000000002	Albany Street
Drugs operation, Scottish Borders	 'Drugs operation'	1341414960	55.602680700000001	-2.7558691	A6091
Drugs arrests, Edinburgh	 'Drugs arrests'	1331906700	55.933419200000003	-3.2644177000000001	Stenhouse Drive
Drugs arrest, Edinburgh	 'Drugs arrest'	1343311860	55.936605	-3.2331243999999999	Wardlaw Place
Drugs recovered	Drug	1296806400	55.958933999999999	-3.2168839	Comely Bank Place
Drugs recovery, West Lothian	 'Drugs recovery'	1324385340	55.962554699999998	-3.5358247999999999	Auldhill Crescent
Drugs seized, East Lothian	 'Drugs seized'	1325243040	55.955529200000001	-2.9908929	County Square
Drugs Seized, Midlothian and Edinburgh	 'Drugs Seized'	1311061740	55.934418600000001	-3.1712818999999999	East Mayfield
Drugs theft - Edinburgh	Drug	1321948920	55.906966199999999	-3.3121358999999999	Riccarton Mains Road
Drug arrest, Edinburgh	 'Drug arrest'	1327667280	55.9424256	-3.1842823999999998	Buccleuch Street
Drug arrest, Edinburgh	 'Drug arrest'	1331037240	55.9769048	-3.1980648	Craighall Crescent
Drug arrests, East Lothian	 'Drug arrests'	1330338720	55.963377700000002	-2.9756599000000001	High Street
Drug arrests, East Lothian	 'Drug arrests'	1327058760	55.937783000000003	-3.0143021999999999	Salter's Road
Drug arrest, Borders	 'Drug arrest'	1329481020	55.429711300000001	-2.7886065000000002	Wellfield Road
Easter message to warrant offenders	 None	1332857040	55.953251999999999	-3.1882670000000002	Waterloo Place
Edinburgh Community Resilience Workshops	 None	1332325680	55.948505900000001	-3.2071005000000001	Lothian Road
Edinburgh Demonstrations round up	 None	1315666020	55.953251999999999	-3.1882670000000002	Waterloo Place
Edinburgh Demonstrations pass peacefully	 None	1348928880	55.950081099999998	-3.1882366000000002	The Royal Mile
Edinburgh Demonstrations pass peacefully	 None	1348928880	55.950081099999998	-3.1882366000000002	The Royal Mile
Edinburgh robberies, men charged	 'Edinburgh robberies'	1328519700	55.924639799999987	-3.2817048999999998	Broomhouse Road
Fatal road collision, Edinburgh	 'Fatal road collision'	1343732820	55.979938699999998	-3.173711200000001	Ocean Drive
Fatal Road Collision, Edinburgh	 'Fatal Road Collision'	1343662200	55.979938699999998	-3.173711200000001	Ocean Drive
Fatal Collision, boy named	 'Fatal Collision'	1311243540	55.953251999999999	-3.1882670000000002	Waterloo Place
Fatal Collision Kirkliston	Collision	1346660640	55.953606399999998	-3.4034038	Path Brae
Fatal colllision, Edinburgh - identity released	 'Fatal colllision'	1331651520	55.907480399999997	-3.1419476999999998	Hyvot Grove
Fatal Fire,Edinburgh	 None	1302595920	55.977215399999999	-3.2280357999999998	Wardieburn Street West
Fatal motorcycle collision, victim named	 'Fatal motorcycle collision'	1336479780	55.938139799999988	-3.1257980000000001	Bingham Way
Fatal Road Collision,Edinburgh	Collision	1297846800	55.929798299999987	-3.3018553000000002	South Gyle Crescent
Fatal road collision,Edinburgh	Collision	1304578800	55.965365499999997	-3.1899845999999998	Broughton Road
Fatal road collision, Edinburgh	 'Fatal road collision'	1297927800	55.929798299999987	-3.3018553000000002	South Gyle Crescent
Fatal road collision, man identified	 'Fatal road collision'	1328631480	55.953251999999999	-3.1882670000000002	Waterloo Place
Fatal road collision, man named	 'Fatal road collision'	1331047260	55.944438299999987	-3.2544713000000001	Corstorphine Road
Fatal road collision, Edinburgh	 'Fatal road collision'	1325771400	55.911727999999997	-3.2656866999999998	Lanark Road
Fatal road collision, Borders	 'Fatal road collision'	1333439460	55.177208099999987	-2.8151326000000001	South Hermitage Street
Fatal road collision	Collision	1311069480	55.953251999999999	-3.1882670000000002	Waterloo Place
Fatal road collision	Collision	1328774160	55.940441500000013	-3.2846234999999999	Corstorphine High Street
Fatal Road Collision, man identified	 'Fatal Road Collision'	1334752440	55.972993899999999	-3.2625131999999999	Muirhouse View
Fatal road collision, Bathgate	 'Fatal road collision'	1345814160	55.9037826	-3.6365360999999998	Drumcross Road
Fatal road collision, deceased identified	 'Fatal road collision'	1328883840	55.936393899999999	-3.2996542	South Gyle Road
Fatal road collision, Edinburgh	 'Fatal road collision'	1331214000	55.951040200000001	-3.3125887000000001	Maybury Road
Fatal Road collision, Edinburgh	 'Fatal Road collision'	1330949700	55.944438299999987	-3.2544713000000001	Corstorphine Road
Fatal road collision, man identified	 'Fatal road collision'	1331292420	55.945306600000002	-3.1060055000000002	Brand Gardens
Fatal road collision, man identified	 'Fatal road collision'	1333461360	55.177616200000003	-2.8155782	Copshaw Place
Fatal road collision, man identified	 'Fatal road collision'	1346139180	55.941096700000003	-3.3066194000000002	Glasgow Road
Edinburgh Festival crime prevention advice	 None	1343923620	55.950081099999998	-3.1882366000000002	The Royal Mile
Festival theft warning, Edinburgh	 'Festival theft warning'	1345114980	55.953058200000001	-3.2003032999999999	George Street
Festive drink drive campaign	 None	1324371360	55.953251999999999	-3.1882670000000002	Waterloo Place
Fire, West Lothian	 'Fire'	1316792460	55.899176200000007	-3.6096902000000002	Anne Street
Fire-raising, Armadale	 'Fire-raising'	1336030500	55.900776399999998	-3.6975094999999998	Colinshiel Court
Flares set off during Edinburgh Derby	 None	1325858940	55.961620500000002	-3.1652117	Albion Business Centre
Flares stolen, Edinburgh	 'Flares stolen'	1326376500	55.974426599999987	-3.1565032999999998	Albert Road
Football club lawnmower stolen	 None	1311061500	55.953251999999999	-3.1882670000000002	Waterloo Place
Football Disorder, Edinburgh	 'Football Disorder'	1319727240	55.942519799999999	-3.2011465000000001	Brougham Place
Fundraising West Lothian	 None	1295942400	55.953251999999999	-3.1882670000000002	Waterloo Place
Get ready for winter	 None	1319787000	55.953251999999999	-3.1882670000000002	Waterloo Place
Gravestones damaged	 None	1311573540	55.953251999999999	-3.1882670000000002	Waterloo Place
Guilty Plea,sexual assualt	 None	1297238400	55.953251999999999	-3.1882670000000002	Waterloo Place
Guily Plea-Alam Gotip Murder	Murder	1315404540	55.953251999999999	-3.1882670000000002	Waterloo Place
Handbag snatch, West Lothian	 'Handbag snatch'	1331216220	55.889725899999988	-3.6217421999999999	Old Well Road
Handbag snatch,Edinburgh	 None	1301557680	55.975412200000001	-3.2554493	Salvesen Gardens
Handbag snatch,Edinburgh	 None	1304578800	55.919618300000003	-3.2801583000000001	Murrayburn Park
Handbag snatch, Edinburgh	 'Handbag snatch'	1315665840	55.960227499999988	-3.1757612000000002	Brunswick Road
Handbag snatch, Edinburgh	 'Handbag snatch'	1329466620	55.960182000000003	-3.1520291999999999	Lochend Crescent
Handbag snatch, Edinburgh	 'Handbag snatch'	1335791220	55.956188399999988	-3.1731923000000002	Carlton Terrace
Handbag snatch, Edinburgh	 'Handbag snatch'	1343916060	55.941652299999987	-3.2022870000000001	Valleyfield Street
High value break-in and theft	 None	1334044140	55.953251999999999	-3.1882670000000002	Waterloo Place
High value car theft	 None	1331038680	55.9349268	-3.1720554999999999	Mayfield Terrace
High value car vandalisms	 None	1315230720	55.957693599999999	-3.2204402000000001	Learmonth Grove
High value coin theft,Edinburgh	 None	1308129060	55.9107798	-3.2149027000000001	Comiston Springs Avenue
High value theft of jewellery, Edinburgh	 'High value theft of jewellery'	1348759980	55.953058200000001	-3.2003032999999999	George Street
High vis patrols, following murder	 'High vis patrols'	1326796080	55.9640044	-3.1721029000000009	Dickson Street
Hit and Run,Edinburgh	 None	1327572000	55.937637500000001	-3.2061149000000002	Bruntsfield Place
Hit and run - Edinburgh	 None	1320757860	55.943308199999997	-3.2089259999999999	Fountainbridge
Hit and run, Edinburgh	 'Hit and run'	1331649780	55.953631799999997	-3.2291907000000002	Queensferry Terrace
Hit and run, Edinburgh - appeal	 'Hit and run'	1332231960	55.953631799999997	-3.2291907000000002	Queensferry Terrace
Home security warning, West Lothian	 'Home security warning'	1338297480	55.889405600000003	-3.5199376	Columbia Avenue
Homophobic assault, Edinburgh	 'Homophobic assault'	1317049620	55.957906199999996	-3.1891395	Broughton Street
Houesbreaking, East Lothian	 'Houesbreaking'	1329835380	55.940365999999997	-3.0711917999999998	Stoneyhill Drive
Housebreaking,Edinburgh	Housebreak	1301554800	55.895850799999998	-3.2026281000000001	Biggar Road
Housebreaking, Leith	 'Housebreaking'	1312968360	55.961706199999988	-3.1835990999999999	Hopetoun Crescent
Housebreakings,West Lothian	Housebreak	1306741080	55.953251999999999	-3.1882670000000002	Waterloo Place
Housebreaking , Midlothian	 'Housebreaking '	1298275200	55.886897400000002	-3.0758565	Newbattle Road
Housebreaking and theft, Broxburn	 'Housebreaking and theft'	1333549200	55.931232199999997	-3.4747701000000002	Parkwood Crescent
Housebreaking, East Lothian	 'Housebreaking'	1347970920	55.9286253	-3.0392815	Carberry Road
Housebreaking and theft - Midlothian	Housebreak	1320074100	55.868592399999997	-3.0627409000000001	Park Road
Hundreds of drivers caught during Police crackdown	 None	1337069340	55.953251999999999	-3.1882670000000002	Waterloo Place
Indecent assault, Mayfield	 'Indecent assault'	1336038840	55.871947499999997	-3.0394234999999998	Bogwood Road
Indecent exposure, Penicuik	 'Indecent exposure'	1338217800	55.840230099999999	-3.2138857000000001	Edinburgh Road
Indecent assault appeal, Edinburgh	 'Indecent assault appeal'	1344414780	55.947448599999987	-3.2060892999999999	Lothian Road
Indecent assault, Bathgate	 'Indecent assault'	1335165240	55.895871399999997	-3.6197740999999999	Kaim Crescent
Indecent assault, Musselburgh	 'Indecent assault'	1341222360	55.940627900000003	-3.0506772999999998	Mansfield Avenue
Indecent exposure, Penicuik	 'Indecent exposure'	1312879320	55.850050000000003	-3.2550500000000002	House of Muir Steading
Indecent exposure, North Berwick	 'Indecent exposure'	1348487160	56.059151500000013	-2.7375023999999999	Cromwell Road
Indecent Incident, Eskbank	 'Indecent Incident'	1331125020	55.889097499999998	-3.0796084000000001	Avenue Road
Information appeal, Edinburgh	 'Information appeal'	1338537720	55.9322114	-3.2021069	Clinton Road
Jay Soso sentenced, Edinburgh	 'Jay Soso sentenced'	1346156100	55.965680499999998	-3.2439713999999999	Easter Drylaw Way
Jewellery recovered, Edinburgh	 'Jewellery recovered'	1332320880	55.953251999999999	-3.1882670000000002	Waterloo Place
Junior Road Safety Officers	 None	1316619360	55.953251999999999	-3.1882670000000002	Waterloo Place
Kevin Rooney sentenced for murder of Rosina Sutherland	Murder	1339761720	55.924777900000002	-3.2578337999999998	Longstone Park
Knifepoint robbery, Edinburgh	 'Knifepoint robbery'	1327486200	55.920571000000002	-3.2864857999999999	Sighthill View
Knifepoint robbery,Musselburgh	Robbery	1311060780	55.9384096	-3.0619692000000001	Eskview Terrace
Knifepoint Robbery	Robbery	1316530800	55.935299800000003	-3.2426260999999998	Gorgie Road
Knifepoint robbery - Edinburgh	Robbery	1320419700	55.931308999999999	-3.2377870999999998	Slateford Road
LBP festive initiative, East and Midlothian	 'LBP festive initiative'	1323959640	55.953251999999999	-3.1882670000000002	Waterloo Place
LBP Road travel Warning	Warning	1323351960	55.9971271	-3.4044430999999999	Forth Road Bridge
LBP wins major road award	 None	1320414540	55.953251999999999	-3.1882670000000002	Waterloo Place
Lee Duncan murder appeal	Murder	1307609760	55.944885499999998	-3.1974260999999999	Lauriston Place
Letter from DCC Steve Allen	 None	1342021320	55.953251999999999	-3.1882670000000002	Waterloo Place
Locks glued, Edinburgh	 'Locks glued'	1348066440	55.960977399999997	-3.1582555999999999	Lochend Road South
Lost prescription drugs returned	Drug	1320758040	55.8458021	-3.051447	Hunterfield Road
Lothian Borders Police Statement	 None	1299571200	55.931509899999988	-3.2365062	Slateford Road
M8 Re-opened	 None	1342524420	55.953251999999999	-3.1882670000000002	Waterloo Place
Male pleads guilty to murder of Christopher Swailes	Murder	1335538020	55.961905100000003	-3.2042587	Liddesdale Place
Man admits store robbery, Edinburgh	 'Man admits store robbery'	1346332500	55.910081099999999	-3.2347302	Colinton Mains Drive
Man convicted of culpable homicide of Roger Gray	 None	1338548400	55.934587299999997	-3.2151694000000002	Merchiston Crescent
Man jailed for murder, Scottish Borders	 'Man jailed for murder'	1338548940	55.415254099999999	-2.7916308000000001	Liddesdale Road
Man pleads guilty to culpable homicide	 None	1338555120	55.965680499999998	-3.2439713999999999	Easter Drylaw Way
Man and Woman jailed for attacks	 None	1330528620	55.942598999999987	-3.2214643999999999	Dalry Road
Man arrested,assault	Assault	1300961820	55.9597257	-3.2140138	Raeburn Mews
Man arrested,bogus caller	 None	1304578800	55.924493099999999	-3.2561811000000001	Redhall Crescent
Man arrested,Edinburgh	 None	1300962240	55.934539999999998	-3.2153124000000002	Merchiston Crescent
Man arrested, alleged robbery	 'Man arrested'	1299052800	55.939606400000002	-3.1855737999999998	Gladstone Terrace
Man arrested, Edinburgh	 'Man arrested'	1337599620	55.955423699999997	-3.2018214	Heriot Row
Man arrested, Edinburgh	 'Man arrested'	1319811120	55.933134000000003	-3.1274093999999999	Niddrie Mains Road
Man arrested, Edinburgh	 'Man arrested'	1336638360	55.926607399999988	-3.1385789000000002	Craigmillar Castle Road
Man arrested for art gallery theft	 None	1320242100	55.955866800000003	-3.2602161999999999	Craigcrook Road
Man arrested, Edinburgh	 'Man arrested'	1326372720	55.968927400000013	-3.2447268999999999	Ferry Road Grove
Man arrested, Edinburgh	 'Man arrested'	1326190920	55.948095199999997	-3.1977538000000001	Johnston Terrace
Man arrested, Edinburgh	 'Man arrested'	1333363200	55.851800900000008	-3.1375459999999999	Greenside Place
Man arrested, Edinburgh	 'Man arrested'	1345460760	55.975886500000001	-3.2033109	East Trinity Road
Man arrested, West Lothian	 'Man arrested'	1340351460	55.937988900000001	-3.4807255000000001	Pyothall Road
Man assaulted,Edinburgh	Assault	1298883600	55.946627100000001	-3.1186505000000002	Durham Place Lane
Man assaulted,High Street,Edinburgh	Assault	1312185180	55.950081099999998	-3.1882366000000002	The Royal Mile
Man assaulted, West Lothian	 'Man assaulted'	1316617800	55.934297999999998	-3.4694734999999999	East Main Street
Man assaulted Leith	Assault	1300961580	55.972880600000003	-3.1755716	Great Junction Street
Man charged, assault	 'Man charged'	1313573880	55.952733199999997	-3.180857	Old Tolbooth Wynd
Man charged, Edinburgh	 'Man charged'	1327652220	55.964142900000013	-3.2490427999999998	Groathill Road North
Man charged, Edinburgh	 'Man charged'	1339494120	55.9322114	-3.2021069	Clinton Road
Man charged, Lanark Road collision	 'Man charged'	1301575020	55.911727999999997	-3.2656866999999998	Lanark Road
Man charged, Edinburgh	 'Man charged'	1348473780	55.948522599999997	-3.1780634999999999	Dumbiedykes Road
Man detained in suspicious death inquiry	Death	1320048480	55.924777900000002	-3.2578337999999998	Longstone Park
Man dies following collision	Collision	1338898920	55.919398700000002	-3.1372969999999998	Old Dalkeith Road
Fatal road collision - man identified	Collision	1341226320	55.924573199999998	-3.1772136	West Mains Road
Man injured, West Calder	 'Man injured'	1312184880	55.8508645	-3.5731725999999999	Gloag Place
Man jailed for East Lothian assault	Assault	1320742800	55.941387900000002	-3.0126979999999999	The Loan
Man jailed for knife robbery	Robbery	1330526280	55.941096700000003	-3.3066194000000002	Glasgow Road
Man jailed for sexual assault	Assault	1332254460	55.953251999999999	-3.1882670000000002	Waterloo Place
Man sentenced, Edinburgh High Court	 'Man sentenced'	1310122800	55.934297999999998	-3.4694734999999999	East Main Street
Man Sentenced Drugs Possession	Drug	1319121900	55.953251999999999	-3.1882670000000002	Waterloo Place
Memorabilia stolen, West Lothian	 'Memorabilia stolen'	1335515820	55.869605	-3.6533332999999999	Main Street
Memorial charity rugby match, Edinburgh	 'Memorial charity rugby match'	1345110300	55.960465999999997	-3.2239029000000001	Fettes Avenue
Men assaulted, Midlothian	 'Men assaulted'	1344863040	55.873787699999987	-3.1037051999999998	Dundas Street
Men arrested - Edinburgh	 None	1321265220	55.942180399999998	-3.2024332000000002	Drumdryan Street
Men arrested - High value thefts	 None	1319636400	55.970027199999997	-3.2210361999999999	Ferry Road
Men arrested, Edinburgh	 'Men arrested'	1333102980	55.969624200000013	-3.161931	East Hermitage Place
Men charged , West Lothian	 'Men charged '	1302595440	55.825663800000001	-3.7109429999999999	Main Street
Men charged, following assault and robbery	 'Men charged'	1320418620	55.942541200000008	-3.2180046999999998	Caledonian Crescent
Men charged, Prestonpans	 'Men charged'	1341907920	55.963524999999997	-2.9699087	Atholl View
Metal thefts, Edinburgh	 'Metal thefts'	1309945740	55.939100199999999	-3.2102458999999999	Viewforth Square
Met office issue Amber warning	Warning	1342604160	55.907249800000002	-3.25745	A Bridge Road
Missing girl - Edinburgh	 None	1321625640	55.949111799999997	-3.1887443000000002	Tron Square
Missing girl, East Lothian	 'Missing girl'	1329137820	55.9380904	-3.0155129000000001	Drummohr Gardens
Missing man,Bathgate	 None	1304582400	55.953251999999999	-3.1882670000000002	Waterloo Place
Missing man,Scottish Borders	 None	1307962680	55.953251999999999	-3.1882670000000002	Waterloo Place
Missing man, Edinburgh	 'Missing man'	1311062280	55.959641299999987	-3.1506064999999999	Restalrig Road South
Missing Man, Edinburgh	 'Missing Man'	1310126340	55.924573199999998	-3.1772136	West Mains Road
Missing Man, Livingston	 'Missing Man'	1312879740	55.894642699999999	-3.4922409000000001	Beauly Drive
Missing man - Edinburgh	 None	1322670300	55.9669393	-3.1568632999999999	Restalrig Road
Missing Man - Matthew Dalzell	 None	1309943640	55.939178599999998	-3.2227698	Dundee Terrace
Missing man appeal, Morningside	 'Missing man appeal'	1331649540	55.956972000000007	-3.401411	Main Street
Missing man, Edinburgh	 'Missing man'	1339424580	55.972880600000003	-3.1755716	Great Junction Street
Missing Man, Edinburgh	 'Missing Man'	1343125920	55.958933999999999	-3.2168839	Comely Bank Place
Missing Man, Edinburgh	 'Missing Man'	1346742300	55.949475900000003	-3.3038641000000002	Stuart Park
Missing Man Found	 None	1343141280	55.958397599999998	-3.2168139	Comely Bank Place
Missing man traced	 None	1336462860	55.953251999999999	-3.1882670000000002	Waterloo Place
Missing medication, Midlothian	 'Missing medication'	1323953280	55.894897999999998	-3.0687962999999998	Tait Street
Missing person appeal,Edinburgh	 None	1304582400	55.954980900000002	-3.1870650999999999	Leith Street
Missing person appeal Northumbria Police	 None	1348834680	55.968706599999997	-3.1558030000000001	Claremont Road
Missing person, renewed appeal	 'Missing person'	1332342720	55.964661	-3.181829	Dryden Street
Missing snake, West Lothian	 'Missing snake'	1311751500	55.893880000000003	-3.5442526000000001	Oldwood Place
Missing snake traced	 None	1312184580	55.953251999999999	-3.1882670000000002	Waterloo Place
Missing Teenager, Edinburgh	 'Missing Teenager'	1330701120	55.949111799999997	-3.1887443000000002	Tron Square
Missing Woman Found	 None	1340609400	55.953251999999999	-3.1882670000000002	Waterloo Place
Modified vehicle roadshow, East and Midlothian	 'Modified vehicle roadshow'	1334315100	55.953251999999999	-3.1882670000000002	Waterloo Place
Motorcycle safety awareness	 None	1331284620	55.953251999999999	-3.1882670000000002	Waterloo Place
Murder, East Lothian	 'Murder'	1296734580	55.936377899999997	-2.9510358000000001	Toll House Gardens
Murder, Musselburgh	 'Murder'	1313226240	55.943916599999987	-3.0603237000000001	North High Street
Murderer sentenced, High Court Edinburgh	 'Murderer sentenced'	1331736780	55.949798100000002	-3.1924434000000002	High Court
Murder appeal	Murder	1301554800	55.934587299999997	-3.2151694000000002	Merchiston Crescent
Murder appeal to taxi drivers	Murder	1326886020	55.9640044	-3.1721029000000009	Dickson Street
Murder arrest - Scottish Borders	Murder	1321440540	55.961905100000003	-3.2042587	Liddesdale Place
Murder conviction	Murder	1315491480	55.936739499999987	-3.1912067	Chalmers Crescent
Murderer convicted	Murder	1322062980	55.977097399999998	-3.2307831999999999	Pilton Drive North
Murder conviction, Edinburgh	 'Murder conviction'	1329315240	55.844933999999988	-3.0471322000000001	Newbyres Crescent
Murder Dickson St - Appeal	Murder	1327308780	55.9645376	-3.1719148000000001	Dickson Street
Murder East Lothian	Murder	1297087200	55.936328799999998	-2.9512432	Toll House Gardens
Murder Edinburgh , man charged	 'Murder Edinburgh '	1299052800	55.972448399999998	-3.2295862999999998	Pilton Drive
Murder enquiry,Edinburgh	Murder	1298887200	55.944885499999998	-3.1974260999999999	Lauriston Place
Murder enquiry,Edinburgh	Murder	1300962120	55.934587299999997	-3.2151694000000002	Merchiston Crescent
Murder enquiry Edinburgh	Murder	1326700560	55.9645376	-3.1719148000000001	Dickson Street
Murder: local community key to finding killer	Murder	1327068660	55.9640044	-3.1721029000000009	Dickson Street
Murder report submitted to Procurator Fiscal	Murder	1328629800	55.9640044	-3.1721029000000009	Dickson Street
Murder victim identified	Murder	1326720300	55.9645376	-3.1719148000000001	Dickson Street
Longstone murder victim named	Murder	1320238860	55.924777900000002	-3.2578337999999998	Longstone Park
Murder victim picture	Murder	1326982680	55.9640044	-3.1721029000000009	Dickson Street
Police Service of Scotland Chief appointed	 None	1348651860	55.953251999999999	-3.1882670000000002	Waterloo Place
News release from ACPOS	 None	1344948180	55.953251999999999	-3.1882670000000002	Waterloo Place
News release issued on behalf of ACPOS	 None	1343145060	55.953251999999999	-3.1882670000000002	Waterloo Place
Next of Kin appeal,Edinburgh	 None	1296561600	55.972439700000002	-3.2651333	Muirhouse Grove
Next of kin appeal	 None	1295971440	55.960038500000003	-3.1456580999999999	Loaning Crescent
Next of kin appeal	 None	1297951200	55.9665763	-3.2457856	Easter Drylaw Place
Next of kin appeal	 None	1309947480	55.963754199999997	-3.1761658000000002	Buchanan Street
Next of kin appeal	 None	1331539860	55.924552899999988	-3.2338727999999999	Lockharton Avenue
Next of kin appeal, Edinburgh	 'Next of kin appeal'	1335788100	55.951836999999998	-3.2242513000000002	Belford Road
Next of kin appeal, Edinburgh	 'Next of kin appeal'	1343901900	55.943089100000002	-3.2491620999999999	Saughtonhall Terrace
Next of kin appeal, Edinburgh	 'Next of kin appeal'	1335354600	55.957125499999997	-3.2341582	Orchard Drive
Next of kin appeal, Edinburgh	 'Next of kin appeal'	1343899860	55.921268499999996	-3.2738366999999999	Dumbryden Gardens
Objects thrown from overpass	 None	1295951880	55.914304599999987	-3.2773922999999998	Clovenstone Road
Officer scoops Community Policing award	 None	1320674580	55.945346200000003	-3.1166326	Park Avenue
Olympic Torch relay in Edinburgh, the Lothians, and the Borders	 None	1339409880	55.953251999999999	-3.1882670000000002	Waterloo Place
Olympic Torch route	 None	1339152360	55.948648599999999	-3.2124950000000001	Coates Crescent
Operation Arable, Edinburgh	 'Operation Arable'	1345540260	55.949869700000001	-3.1905812	High Street
Operation Airborne,Edinburgh	 None	1302776760	55.972880600000003	-3.1755716	Great Junction Street
Operation Arable arrest, Edinburgh	 'Operation Arable arrest'	1331727180	55.947366600000002	-3.1825424	East Adam Street
Operation Cipher drugs arrests	Drug	1346246040	55.917347599999999	-3.2745939000000002	Hailesland Park
Operation Congress	 None	1341938880	55.920571000000002	-3.2864857999999999	Sighthill View
Operation Crassus, West Lothian	 'Operation Crassus'	1328621040	55.9070198	-3.5517167000000001	Beechwood Park
Operation to tackle bus attacks	 None	1307605980	55.917565799999998	-3.2800530000000001	Hailesland Road
Pair plead guilty to Meadows robberies	 None	1342709400	55.953251999999999	-3.1882670000000002	Waterloo Place
Police tackle drugs misuse in licensed premises	Drug	1344852300	55.953251999999999	-3.1882670000000002	Waterloo Place
Police appeal, missing man	 'Police appeal'	1311062520	55.957906199999996	-3.1891395	Broughton Street
Police appeal, East Lothian	 'Police appeal'	1330949100	55.9558441	-2.7756384999999999	Brown Street
Police appeal, Edinburgh	 'Police appeal'	1329393240	55.970728299999998	-3.1792642999999998	Stanwell Street
Police Appeal, Edinburgh	 'Police Appeal'	1347262620	55.949183299999987	-3.1875944999999999	Blair Street
Police boxes for sale, Edinburgh	 'Police boxes for sale'	1335953040	55.953251999999999	-3.1882670000000002	Waterloo Place
Police boxes to re-open	 None	1337252280	55.955161799999999	-3.1500499	Jocks Lodge
Police Dog Activity, Edinburgh	 'Police Dog Activity'	1342016940	55.910198100000002	-3.2745063999999999	Clovenstone Drive
Police Incident, South Queensferry	 'Police Incident'	1321292400	55.990002999999987	-3.3990450000000001	Plewlandcroft
Police offer home security warning	Warning	1343137980	55.953251999999999	-3.1882670000000002	Waterloo Place
Police praise public	 None	1298458560	55.844933999999988	-3.0471322000000001	Newbyres Crescent
Police warning Edinburgh Derby	Warning	1314355020	55.961620500000002	-3.1652117	Albion Business Centre
Police welcome Sentence	 None	1314971340	55.825663800000001	-3.7109429999999999	Main Street
Policing Operation, Edinburgh	 'Policing Operation'	1342612380	55.947504000000002	-3.1800343999999998	Viewcraig Gardens
Power tool theft - Edinburgh	 None	1323682320	55.953251999999999	-3.1882670000000002	Waterloo Place
PPI refund scheme	 None	1334155980	55.963959699999997	-3.2405059000000001	Telford Drive
Prescription drugs lost	Drug	1346673960	55.950081099999998	-3.1882366000000002	The Royal Mile
Primary School vandalised, Edinburgh	 'Primary School vandalised'	1330597560	55.932099600000008	-3.1498075999999999	Peffermill Road
Protestors arrested,Edinburgh	 None	1311063360	55.947811999999999	-3.2066080000000001	Lothian Road
Public appeal,Dean Village	 None	1306745460	55.951836999999998	-3.2242513000000002	Belford Road
Pub break in , Newtongrange	 'Pub break in '	1312879440	55.8669425	-3.0670201000000001	Main Street
Pupils receive prestigious award	 None	1340616600	55.9483678	-3.1588508000000002	Queen's Drive
Racial assault, Edinburgh	 'Racial assault'	1315838940	55.941964899999988	-3.1819790999999999	Clerk Street
Racial Assault, renewed appeal	 'Racial Assault'	1316619120	55.941964899999988	-3.1819790999999999	Clerk Street
Racial Assault - Man sentenced	Assault	1306744740	55.936004599999997	-3.4628793	Aitken Orr Drive
Racing pigeons killed	 None	1310122380	55.919398700000002	-3.1372969999999998	Old Dalkeith Road
Remains identified, West Lothian	 'Remains identified'	1329988200	55.899831399999997	-3.5008625000000002	Brisbane Street
Renewed appeal to trace missing woman	 None	1331819880	55.964661	-3.181829	Dryden Street
Renewed Witness Appeal	 None	1307092680	55.9382284	-3.2019714000000001	Warrender Park Crescent
Response to the Homicide statistics issued by the scottish Government	 None	1323861720	55.953251999999999	-3.1882670000000002	Waterloo Place
Fatal road collision Man identified	Collision	1338976620	55.919398700000002	-3.1372969999999998	Old Dalkeith Road
Road rage incident, Edinburgh	 'Road rage incident'	1348649760	55.951040200000001	-3.3125887000000001	Maybury Road
Road rage incident	 None	1346332980	55.933221199999998	-3.1062948000000001	Newcraighall Road
Road collision,M8	Collision	1309945980	55.953251999999999	-3.1882670000000002	Waterloo Place
Road collision, woman dies	 'Road collision'	1313139720	55.956271600000001	-3.1360106000000001	Portobello Road
Road collision, Edinburgh	 'Road collision'	1324547160	55.937356100000002	-3.1946248000000002	Marchmont Road
Road collision - Gilmerton	Collision	1348842420	55.912876399999988	-3.1457274000000002	Gilmerton Road
Road collision - renewed appeal for witnesses	Collision	1335438360	55.960784200000013	-3.2932410000000001	Queensferry Road
Road collision, Edinburgh	 'Road collision'	1330601580	55.941096700000003	-3.3066194000000002	Glasgow Road
Road collision, Edinburgh	 'Road collision'	1344948600	55.928297699999987	-3.2966603999999999	Bankhead Drive
Road Policing Operation - LBP	 None	1321268100	55.953251999999999	-3.1882670000000002	Waterloo Place
Road safety drive at Royal Highland Show	 None	1340115300	55.953251999999999	-3.1882670000000002	Waterloo Place
Robberies, Edinburgh	 'Robberies'	1328010600	55.932431599999987	-3.1953545999999999	Blackford Road
Robberies initiative, Edinburgh	 'Robberies initiative'	1329301260	55.932431599999987	-3.1953545999999999	Blackford Road
Robberies, West Lothian	 'Robberies'	1329214560	55.896309700000003	-3.7008008999999999	St Helens Place
Robberies, West Lothian	 'Robberies'	1329142800	55.896309700000003	-3.7008008999999999	St Helens Place
Robbery, Dalkeith	 'Robbery'	1336034340	55.886897400000002	-3.0758565	Newbattle Road
Robbery, Edinburgh	 'Robbery'	1313400900	55.957899299999987	-3.2717193999999998	Hillpark Grove
Robbery, Edinburgh	 'Robbery'	1314355140	55.9707206	-3.1798763000000001	Bonnington Road
Robbery, Edinburgh	 'Robbery'	1313400120	55.957899299999987	-3.2717193999999998	Hillpark Grove
Robbery , West Lothian	 'Robbery '	1297760400	55.893773499999988	-3.5407297999999998	Follyburn Place
Robbery - Edinburgh	Robbery	1309944600	55.960137600000003	-3.2894505000000001	Parkgrove Street
Robbery Appeal,Edinburgh	Robbery	1300961700	55.9707206	-3.1798763000000001	Bonnington Road
Robbery Appeal,Edinburgh	Robbery	1299571200	55.954980900000002	-3.1870650999999999	Leith Street
Robbery Appeal,Leith	Robbery	1309945260	55.972880600000003	-3.1755716	Great Junction Street
Robbery appeal, Edinburgh	 'Robbery appeal'	1311331080	55.953251999999999	-3.1882670000000002	Waterloo Place
Robbery appeal, Edinburgh	 'Robbery appeal'	1333448940	55.9670621	-3.1570274999999999	Restalrig Road
Robbery appeal - Edinburgh	Robbery	1322557680	55.928458300000003	-3.2845575999999999	Broomhouse Road
Robbery appeal - Edinburgh	Robbery	1321888620	55.959887199999997	-3.1760809999999999	Elgin Street
Robbery appeal - West Lothian	Robbery	1322671560	55.887643099999998	-3.4569903000000002	Langton View
Robbery Appeal Blackwood Crescent	Robbery	1339059000	55.938579399999988	-3.1804529000000001	Blackwood Crescent
Robbery Appeal, Edinburgh	 'Robbery Appeal'	1338889440	55.947829499999997	-3.2186697	Grosvenor Crescent
Robbery Appeal Granton	Robbery	1295952120	55.975588199999997	-3.2441072000000002	Granton Mains Avenue
Robbery appeal Meadows Wine	Robbery	1296221400	55.939606400000002	-3.1855737999999998	Gladstone Terrace
Robbery at betting shop	Robbery	1313226840	55.947654000000007	-3.2134714999999998	West Maitland Street
Robbery, Edinburgh	 'Robbery'	1333443120	55.951708099999998	-3.1981430999999998	Princes Street
Robbery, Edinburgh	 'Robbery'	1344591900	55.953251999999999	-3.1882670000000002	Waterloo Place
Robert Chalmers found guilty	 None	1306740660	55.942169900000003	-3.1099032000000002	Magdalene Medway
Robert Chalmers sentenced	 None	1307096160	55.942169900000003	-3.1099032000000002	Magdalene Medway
Safety cameras continue to reduce fatalities	 None	1343729220	55.953251999999999	-3.1882670000000002	Waterloo Place
Safety cameras,East Lothian	 None	1306740540	55.953251999999999	-3.1882670000000002	Waterloo Place
Safety Cameras	 None	1311577560	55.953251999999999	-3.1882670000000002	Waterloo Place
Safety Camera open evening	 None	1326816360	55.953251999999999	-3.1882670000000002	Waterloo Place
Save lives and reduce crashes - reduce your speed	 None	1342518360	55.953251999999999	-3.1882670000000002	Waterloo Place
Schoolboy robbed - Edinburgh	 None	1322646600	55.9114559	-3.2157247	Pentland Gardens
School watch - East Lothian	 None	1340096460	55.969318800000003	-2.9633007	Edinburgh Road
SDL and UAF Marches, Edinburgh	 'SDL and UAF Marches'	1338041580	55.953374999999987	-3.1840972000000001	Regent Road
Serious Assault, Edinburgh	 'Serious Assault'	1343048820	55.948648599999999	-3.2124950000000001	Coates Crescent
Serious assault, Edinburgh	 'Serious assault'	1348064460	55.948522599999997	-3.1780634999999999	Dumbiedykes Road
Serious assault, Prestonpans	 'Serious assault'	1338538920	55.962301400000001	-2.9777100999999999	High Street
Serious assault, Prestonpans	 'Serious assault'	1338470280	55.962301400000001	-2.9777100999999999	High Street
Serious assault,Edinburgh	Assault	1300961400	55.949183299999987	-3.1875944999999999	Blair Street
Serious assault,Edinburgh	Assault	1301990400	55.920425999999999	-3.2795372999999999	Murrayburn Gardens
Serious assault,Edinburgh	Assault	1306741500	55.975814999999997	-3.1737671999999999	Quayside Street
Serious assault,Edinburgh	Assault	1311061020	55.945556600000003	-3.1846323999999999	Nicolson Street
Serious assault,Edinburgh	Assault	1316012220	55.971238900000003	-3.2427176000000002	Ferry Road Drive
Serious assault,Leopold Place	Assault	1306763340	55.957859999999997	-3.1824661000000001	Leopold Place
Serious Assault,Wallyford	Assault	1310121900	55.941387900000002	-3.0126979999999999	The Loan
Serious assault,Wester Hailes	Assault	1306763160	55.914752500000013	-3.2882726	Westburn Park
Serious Assault, Edinburgh	 'Serious Assault'	1317376800	55.935299800000003	-3.2426260999999998	Gorgie Road
Serious Assault, Edinburgh	 'Serious Assault'	1312450260	55.954547299999987	-3.2004066999999998	Queen Street
Serious assault, Edinburgh	 'Serious assault'	1316792340	55.950081099999998	-3.1882366000000002	The Royal Mile
Serious assault, Edinburgh	 'Serious assault'	1324559700	55.947448599999987	-3.2060892999999999	Lothian Road
Serious Assault,Cables Wynd	Assault	1306829640	55.973846700000003	-3.1746002	Cables Wynd
Serious assault - Edinburgh	Assault	1320660120	55.9601373	-3.2438620999999999	Groathill Avenue
Serious assault Edinburgh	Assault	1309944120	55.947448599999987	-3.2060892999999999	Lothian Road
Serious Assault, Edinburgh	 'Serious Assault'	1318328400	55.974151300000003	-3.2221913999999998	Boswall Terrace
Serious assault, Edinburgh	 'Serious assault'	1330077180	55.953886199999999	-3.1159775999999999	Portobello High Street
Assault and Robbery, Edinburgh	 'Assault and Robbery'	1339690500	55.935299800000003	-3.2426260999999998	Gorgie Road
Serious Assault Holyrood Road	Assault	1339059420	55.950324100000003	-3.1778088000000002	Holyrood Road
Serious assault, Penicuik	 'Serious assault'	1326117360	55.826396600000002	-3.2512072000000001	Carlops Road
Serious assault, Portobello	 'Serious assault'	1330945200	55.953886199999999	-3.1159775999999999	Portobello High Street
Arrest,Serious Assault Portobello	Assault	1332497820	55.953886199999999	-3.1159775999999999	Portobello High Street
Serious assault, Tranent	 'Serious assault'	1335783780	55.962301400000001	-2.9777100999999999	High Street
Serious assault Victoria Street Edinburgh	Assault	1296221280	55.948716599999997	-3.1934669000000002	Victoria Street
Serious Assualt,Edinburgh	 None	1297760400	55.930640199999999	-3.1225037000000002	Niddrie House Park
Serious Assualt, Edinburgh	 'Serious Assualt'	1323874500	55.950730399999998	-3.1905036	Market Street
Serious assault and robbery, Edinburgh	 'Serious assault and robbery'	1319799180	55.964724699999998	-3.1734106	Dalmeny Street
Serious Collision East Lothian	Collision	1338805740	55.995988999999987	-2.5445386000000001	Edinburgh Road
Serious road collision, Edinburgh	 'Serious road collision'	1329319440	55.953251999999999	-3.1882670000000002	Waterloo Place
Serious sexual assault, Edinburgh	 'Serious sexual assault'	1327478220	55.928458300000003	-3.2845575999999999	Broomhouse Road
Serious sexual assault, Dalkeith	 'Serious sexual assault'	1344334860	55.8949365	-3.0628701999999999	Allan Terrace
Serious sexual assault - Edinburgh	Assault	1321271580	55.952886700000001	-3.200388100000001	Frederick Street
Serious sexual assault, Dalkeith - update	 'Serious sexual assault'	1344420480	55.8949365	-3.0628701999999999	Allan Terrace
Severe weather	 None	1325665860	55.9971271	-3.4044430999999999	Forth Road Bridge
Severe weather updates	 None	1325588820	55.907249800000002	-3.25745	A Bridge Road
Sexual assault, Edinburgh	 'Sexual assault'	1313574240	55.938414999999999	-3.2260992000000002	Ardmillan Terrace
Sexual assault - Edinburgh	Assault	1322121240	55.9424256	-3.1842823999999998	Buccleuch Street
Sexual assault - Edinburgh	Assault	1321439340	55.953251999999999	-3.1882670000000002	Waterloo Place
Shed security, West Lothian	 'Shed security'	1337785440	55.898467500000002	-3.6558134	Bridgend Park
Shed security, West Lothian	 'Shed security'	1333460580	55.935493399999999	-3.5056581000000002	Dargai Place
Shotgun discharged,Edinburgh	 None	1309945380	55.969993299999999	-3.3346330000000002	Hillside Road
Sighthill deaths - identities released	Death	1330616100	55.953251999999999	-3.1882670000000002	Waterloo Place
Sighthill deaths, Edinburgh	 'Sighthill deaths'	1330511760	55.923165900000001	-3.2741182000000002	Parkhead Drive
Sky TV scam, Scottish Borders	 'Sky TV scam'	1347012780	55.548569699999987	-2.7861387999999998	A699
Speak Up - Speak Out	 None	1330441500	55.9857722	-3.3849743999999999	Queensferry
SPL Hibs v Celtic	 None	1311330840	55.961620500000002	-3.1652117	Albion Business Centre
Steel stolen	 None	1306744920	55.953251999999999	-3.1882670000000002	Waterloo Place
Stolen vehicles, East Lothian	 'Stolen vehicles'	1348138260	55.928826099999988	-3.0394616999999999	Carberry Road
Stolen dog found	 None	1307088300	55.852047399999996	-3.5634522999999998	Harburn Drive
Stolen Medication	 None	1339397340	55.953251999999999	-3.1882670000000002	Waterloo Place
Stolen MTB, Scottish Borders	 'Stolen MTB'	1316530920	55.616296899999988	-3.0643023	Traquair Road
Stolen Olympic ring recovered by Police	 None	1327919220	55.972880600000003	-3.1755716	Great Junction Street
Stolen plaque recovered, West Lothian	 'Stolen plaque recovered'	1340199720	55.906334800000003	-3.6428367000000001	Balbardie Avenue
Store Robbery Colinton - Man arrested	Robbery	1339058640	55.910081099999999	-3.2347302	Colinton Mains Drive
Street a Week	 "'Street a Week'"	1329299820	55.953251999999999	-3.1882670000000002	Waterloo Place
Street Soccer Summer Initiative	 None	1344098040	55.953251999999999	-3.1882670000000002	Waterloo Place
Summer drink and drug driving campaign, mid-way results	 'Summer drink and drug driving campaign'	1339505460	55.953251999999999	-3.1882670000000002	Waterloo Place
Suspicious caller incident	 None	1297670400	55.957201899999987	-3.1914391000000002	Albany Street
Suspicious Death,Chalmers Crescent	Death	1297238400	55.936739499999987	-3.1912067	Chalmers Crescent
Suspicious death,Edinburgh	Death	1297166400	55.936739499999987	-3.1912067	Chalmers Crescent
Suspicious death,Lauriston Place	Death	1298883600	55.944885499999998	-3.1974260999999999	Lauriston Place
Suspicious death,man identified	Death	1299052800	55.953251999999999	-3.1882670000000002	Waterloo Place
Suspicious death,Merchiston	Death	1300961640	55.934587299999997	-3.2151694000000002	Merchiston Crescent
Suspicious death,Pilton	Death	1298887200	55.977097399999998	-3.2307831999999999	Pilton Drive North
Suspicious death, East Lothian	 'Suspicious death'	1297065600	55.936377899999997	-2.9510358000000001	Toll House Gardens
Suspicious death, Edinburgh	 'Suspicious death'	1332745560	55.941272899999987	-3.2533495000000001	Saughton Park
Suspicious death - Scottish Borders	Death	1321347660	55.415254099999999	-2.7916308000000001	Liddesdale Road
Suspicious death, East Lothian	 'Suspicious death'	1330939380	55.943747700000003	-2.9519305999999998	High Street
Suspicious death update	Death	1300961760	55.934587299999997	-3.2151694000000002	Merchiston Crescent
Suspicious fire	 None	1315230900	55.8799858	-3.1593415999999999	Mayburn Walk
Suspicious fires,Edinburgh	 None	1304578800	55.971160100000013	-3.2444896999999999	West Pilton Grove
Suspicious fire - Edinburgh	 None	1321011120	55.942180399999998	-3.2024332000000002	Drumdryan Street
Suspicious fire - men arrested	 None	1296118800	55.8702763	-3.0317878999999999	Steele Avenue
Suspicious fire, Edinburgh	 'Suspicious fire'	1345819800	55.949216300000003	-3.1902982999999998	Parliament Square
Suspicious Fire, Edinburgh	 'Suspicious Fire'	1317647700	55.973855499999999	-3.1856637000000001	Trafalgar Street
Suspicious fire Midlothian	 None	1295961840	55.8702763	-3.0317878999999999	Steele Avenue
Suspicious incidents at West Lothian farms	 None	1334219100	55.9119028	-3.4808102999999999	Drumshoreland Road
Theft of canoes, West Lothian	 'Theft of canoes'	1337785740	55.9070198	-3.5517167000000001	Beechwood Park
Theft of Drain covers	 None	1340994360	55.916789999999999	-3.0761683	Old Craighall Road
Thefts, Edinburgh	 'Thefts'	1324542840	55.942541200000008	-3.2180046999999998	Caledonian Crescent
Theft appeal, Edinburgh	 'Theft appeal'	1331128140	55.948095199999997	-3.1977538000000001	Johnston Terrace
Theft, Edinburgh	 'Theft'	1341488700	55.941964899999988	-3.1819790999999999	Clerk Street
Theft from ambulance, Edinburgh	 'Theft from ambulance'	1327660560	55.912196700000003	-3.2328947000000001	Firrhill Loan
Theft Haddington, men charged	 'Theft Haddington'	1339149720	55.945384999999987	-3.1797800000000001	Brown Street
Theft of ammunition	 None	1315231020	55.953251999999999	-3.1882670000000002	Waterloo Place
Theft of artwork,Loanhead	 None	1305187080	55.876408100000013	-3.1534854000000001	The Loan
Theft of a paramedic bag - Whitburn	 None	1332774420	55.953251999999999	-3.1882670000000002	Waterloo Place
Theft of Bike, Edinburgh	 'Theft of Bike'	1341567660	55.910047300000002	-3.2297433	Oxgangs Road North
Theft of Birds, Loanhead	 'Theft of Birds'	1326700500	55.875175800000001	-3.1552611000000002	Park View
Theft of car, Duns	 'Theft of car'	1311061620	55.776440800000003	-2.3310021000000001	Rachel Drive
Theft of church bell	 None	1311590640	55.953251999999999	-3.1882670000000002	Waterloo Place
Theft of cigarettes, Livingston	 'Theft of cigarettes'	1332774120	55.9018923	-3.5792044000000001	Caputhall Road
Theft of poppy collection tin	 None	1320660420	55.867033200000002	-3.0452110999999999	Blackcot Drive
Theft of Quad bikes	 None	1318430520	55.953251999999999	-3.1882670000000002	Waterloo Place
Three sentenced ,drug offences	Drug	1298275200	55.967992000000002	-2.9682035	Edinburgh Road
Tranent death, body identified	 'Tranent death'	1332162840	55.9566388	-3.1186625000000001	Westbank Street
Travelling by bus and car to the cup final	 None	1337267220	55.953251999999999	-3.1882670000000002	Waterloo Place
Under 12s antisocial behaviour campaign, East Lothian	 'Under 12s antisocial behaviour campaign'	1334042640	55.9586118	-2.9708716000000002	Gardiner Road
Valuable guitar recovered	 None	1311061920	55.950081099999998	-3.1882366000000002	The Royal Mile
Valuable statue recovered	 None	1323184140	55.912876399999988	-3.1457274000000002	Gilmerton Road
Vandalism,West Lothian	 None	1306741320	55.953251999999999	-3.1882670000000002	Waterloo Place
Vandalism, West Lothian	 'Vandalism'	1334064240	55.9070198	-3.5517167000000001	Beechwood Park
Vandalism arrests, Gullane	 'Vandalism arrests'	1330336740	56.036341999999998	-2.827051	Main Street
Vandalism arrest, Edinburgh	 'Vandalism arrest'	1326967680	55.893655000000003	-3.0694594999999998	Dalkeith
Vandalism to church,man charged	 None	1306741740	55.953251999999999	-3.1882670000000002	Waterloo Place
Vandalism youth arrested, Edinburgh	 'Vandalism youth arrested'	1329392940	55.9597257	-3.2140138	Raeburn Mews
Van driver traced	 None	1311751200	55.953251999999999	-3.1882670000000002	Waterloo Place
Van stolen, West Lothian	 'Van stolen'	1323956400	55.844588100000003	-3.6790235999999998	Main Street
Vehicle theft, Linlithgow - man arrested	 'Vehicle theft'	1334233260	55.953251999999999	-3.1882670000000002	Waterloo Place
Vehicle theft, West Lothian	 'Vehicle theft'	1326470280	55.9070198	-3.5517167000000001	Beechwood Park
Victim appeal, Edinburgh	 'Victim appeal'	1324377480	55.945556600000003	-3.1846323999999999	Nicolson Street
Victim Named - Fatal Collision, Edinburgh	 'Victim Named - Fatal Collision'	1319103660	55.959619000000004	-3.2802680999999998	Clermiston Road North
Victim traced following Police appeal	 None	1333367820	55.969624200000013	-3.161931	East Hermitage Place
Vintage tractor recovered	 None	1323170580	55.953251999999999	-3.1882670000000002	Waterloo Place
Wedding Zara Philips and Mike Tindall	 None	1312011480	55.952608299999987	-3.1718239000000001	Abbey Strand
West Lothian festive initiative launch	 None	1322555820	55.953251999999999	-3.1882670000000002	Waterloo Place
Winter road safety packs	 None	1326361920	55.953251999999999	-3.1882670000000002	Waterloo Place
Witness appeal, Edinburgh	 'Witness appeal'	1338208200	55.945845499999997	-3.2038418000000002	Bread Street
Witness appeal,Edinburgh	 None	1306742760	55.959010200000002	-3.1926168000000001	London Street
Witness appeal,Edinburgh	 None	1310122200	55.956232099999987	-3.1905611999999999	Elder Street
Witness appeal,Midlothian	 None	1297256400	55.871699999999997	-3.0423200000000001	Mayfield
Witness appeal,North Berwick	 None	1302680160	55.954707300000003	-3.1139907999999998	Beach Lane
Witness appeal,Princes Street	 None	1304584440	55.9497815	-3.1986501000000001	Castlehill
Witness appeal,Princes St Gardens	 None	1305183900	55.9497815	-3.1986501000000001	Castlehill
Witness appeal,Redhall Bank Road	 None	1305188280	55.953251999999999	-3.1882670000000002	Waterloo Place
Witness appeal,robbery	Robbery	1307088480	55.959381800000003	-3.1772797000000002	Montgomery Street
Witness appeal,West Lothian	 None	1311063120	55.953251999999999	-3.1882670000000002	Waterloo Place
Witness appeal, Dalkeith	 'Witness appeal'	1324368240	55.892724000000001	-3.0691269000000001	Lothian Street
Witness appeal, East Lothian	 'Witness appeal'	1337257920	55.963377700000002	-2.9756599000000001	High Street
Witness appeal, Edinburgh	 'Witness appeal'	1302595740	55.965365499999997	-3.1899845999999998	Broughton Road
Witness appeal, Edinburgh	 'Witness appeal'	1314267840	55.959381800000003	-3.1772797000000002	Montgomery Street
Witness appeal, Edinburgh	 'Witness appeal'	1340030400	55.942984099999997	-3.2036663000000001	Home Street
Witness appeal, racial abuse	 'Witness appeal'	1309948020	55.972880600000003	-3.1755716	Great Junction Street
Witness appeal, Taxi driver	 'Witness appeal'	1306745820	55.9382284	-3.2019714000000001	Warrender Park Crescent
Witness appeal, West Lothian	 'Witness appeal'	1337599500	55.9070198	-3.5517167000000001	Beechwood Park
Witness appeal	 None	1301554800	55.960784200000013	-3.2932410000000001	Queensferry Road
Witness appeal	 None	1298448000	55.956920500000003	-3.1869947999999999	Picardy Place
Witness appeal	 None	1300962060	55.970084499999999	-3.2536885	Muirhouse Avenue
Witness appeal, Edinburgh	 'Witness appeal'	1311074040	55.953647599999996	-3.2853441999999999	Ransome Gardens
Witness appeal	 None	1315491240	55.969466500000003	-3.1446222000000001	Seafield Road
Witness appeal - Edinburgh	 None	1320922260	55.942984099999997	-3.2036663000000001	Home Street
Witness appeal - Edinburgh	 None	1321437960	55.967992000000002	-2.9682035	Edinburgh Road
Witness appeal - Edinburgh	 None	1321955820	55.933181699999999	-3.2588512999999999	Stevenson Drive
Witness appeal - Edinburgh	 None	1320834000	55.947928500000003	-3.2026154999999998	King's Stables Road
Witness appeal, Balerno	 'Witness appeal'	1330955340	55.885714999999998	-3.3423509999999998	Larchfield
Witness appeal, Dalkeith	 'Witness appeal'	1318329180	55.889582799999999	-3.0826699999999998	Eskbank
Witness appeal, dog bite	 'Witness appeal'	1344266580	55.953251999999999	-3.1882670000000002	Waterloo Place
Witness appeal Dunbar	 None	1348834080	55.953251999999999	-3.1882670000000002	Waterloo Place
Witness appeal, Edinburgh	 'Witness appeal'	1329833880	55.919876000000002	-3.2726682999999999	Dumbryden Drive
Witness appeal Edinburgh	 None	1296657600	55.911727999999997	-3.2656866999999998	Lanark Road
Witness appeal Edinburgh	 None	1302772320	55.943950699999988	-3.2128328000000002	Upper Grove Place
Witness appeal, Edinburgh	 'Witness appeal'	1319535960	55.938906200000012	-3.1914437000000002	Argyle Place
Witness appeal, Edinburgh	 'Witness appeal'	1331558400	55.933221199999998	-3.1062948000000001	Newcraighall Road
Witness appeal, Edinburgh	 'Witness appeal'	1344252660	55.947448599999987	-3.2060892999999999	Lothian Road
Witness appeal, Midlothian	 'Witness appeal'	1328261700	55.8760732	-3.1643297000000001	Dryden Avenue
Witness appeal road collision	Collision	1298448000	55.953251999999999	-3.1882670000000002	Waterloo Place
Witness appeal, West Lothian	 'Witness appeal'	1342447380	55.828545200000001	-3.7087566999999999	Church Place
Witness Appeal, West Lothian	 'Witness Appeal'	1331625180	55.971072199999988	-3.6076380000000001	Preston Road
Witness Appeal, West Lothian	 'Witness Appeal'	1342097700	55.897547600000003	-3.7036544999999998	George Street
Woman arrested	 None	1333017540	55.947063200000002	-3.1833794000000002	West Adam Street
Woman assaulted,Edinburgh	Assault	1304578800	55.938383100000003	-3.1973150000000001	Warrender Park Road
Woman assaulted, Edinburgh	 'Woman assaulted'	1311330480	55.950081099999998	-3.1882366000000002	The Royal Mile
Woman assaulted, Edinburgh	 'Woman assaulted'	1318430640	55.966936599999997	-3.1716139999999999	Halmyre Street
Woman assaulted, Edinburgh	 'Woman assaulted'	1327325940	55.9365649	-3.2443970000000002	Stevenson Road
Woman assaulted, Edinburgh	 'Woman assaulted'	1326812640	55.973354200000003	-3.2058914000000001	Denham Green Avenue
Woman dies on Scottish Borders road	 None	1306745340	55.953251999999999	-3.1882670000000002	Waterloo Place
Young drivers roadshows - Borders	 None	1336573020	55.953251999999999	-3.1882670000000002	Waterloo Place
Young driver saftey event	 None	1317049800	55.953251999999999	-3.1882670000000002	Waterloo Place
Young girl injured in road collision - Edinburgh	Collision	1348842180	55.964142900000013	-3.2490427999999998	Groathill Road North
Youths charged, Edinburgh	 'Youths charged'	1324288560	55.9455156	-3.0916218999999998	Milton Road East
Youth charged in connection with fire	 None	1329469680	55.953251999999999	-3.1882670000000002	Waterloo Place
Youth diversionary project launched, Borders	 'Youth diversionary project launched'	1328602620	55.5530841	-2.8354436000000001	Curror Street
Youth opportunity event, West Lothian	 'Youth opportunity event'	1344945240	55.852292899999988	-3.5686917	Polbeth Terrace
